{
    "Ca_mp-132_conventional_standard.cif":{
        "Final Energy/Atom": -1.701816,
        "C11": 31,
        "C12": 13,
        "C13": 7,
        "C22": 31,
        "C23": 7,
        "C33": 41,
        "C44": 8,
        "C55": 8,
        "C66": 8
    },
    "Ca_mp-132_(0_0_0_1).cif":{
        "Final Energy/Atom": -1.701816,
        "Surface Energy": 0.03,
        "Natoms": 8,
        "Aslab": 13.1396385866
    },
    "Ca_mp-45_conventional_standard.cif":{
        "Final Energy/Atom": -1.700816,
        "C11": 21,
        "C12": 15,
        "C13": 15,
        "C22": 21,
        "C23": 15,
        "C33": 15,
        "C44": 14,
        "C55": 14,
        "C66": 14
    },
    "Ca_mp-45_(1_0_0).cif":{
        "Final Energy/Atom": -1.700816,
        "Surface Energy": 0.03,
        "Natoms": 4,
        "Aslab": 15.2745735918
    },
    "Ca_mp-45_5bc7fcb75292202329623244.cif":{
        "Final Energy/Atom": -1.700816,
        "Grain Boundaries Energy": 0.0012484,
        "Natoms": 24,
        "Agrain": 13.2256197699
    },
    "Ca_mp-21_conventional_standard.cif":{
        "Final Energy/Atom": -1.684816,
        "C11": 6,
        "C12": 20,
        "C13": 20,
        "C22": 6,
        "C23": 20,
        "C33": 6,
        "C44": 13,
        "C55": 13,
        "C66": 13
    }
}
